{
  "hash": "00ec5f7f",
  "configHash": "7d80bcc4",
  "lockfileHash": "100d193a",
  "browserHash": "3b9b3f24",
  "optimized": {
    "@angular/common": {
      "src": "../../../../../node_modules/@angular/common/fesm2022/common.mjs",
      "file": "@angular_common.js",
      "fileHash": "ec4efc47",
      "needsInterop": false
    },
    "@angular/core": {
      "src": "../../../../../node_modules/@angular/core/fesm2022/core.mjs",
      "file": "@angular_core.js",
      "fileHash": "cb2fc314",
      "needsInterop": false
    },
    "@angular/forms": {
      "src": "../../../../../node_modules/@angular/forms/fesm2022/forms.mjs",
      "file": "@angular_forms.js",
      "fileHash": "113ba8e7",
      "needsInterop": false
    },
    "@angular/platform-browser": {
      "src": "../../../../../node_modules/@angular/platform-browser/fesm2022/platform-browser.mjs",
      "file": "@angular_platform-browser.js",
      "fileHash": "dd41c44a",
      "needsInterop": false
    },
    "@angular/router": {
      "src": "../../../../../node_modules/@angular/router/fesm2022/router.mjs",
      "file": "@angular_router.js",
      "fileHash": "4fe1aa2f",
      "needsInterop": false
    }
  },
  "chunks": {
    "chunk-LV6CG2NV": {
      "file": "chunk-LV6CG2NV.js"
    },
    "chunk-JNMCCJRC": {
      "file": "chunk-JNMCCJRC.js"
    },
    "chunk-ADFJBWRY": {
      "file": "chunk-ADFJBWRY.js"
    }
  }
}